Origin,Destination,Disease,pop
"26.904523, 58.283603","35.449513, 52.330926",type1,30
"30.260534, 50.828493","30.539391, 59.595854",type2,100
"32.837090, 48.032827","36.358372, 45.826723",type3,20
"27.597715, 53.529069","25.916615, 60.413634",type1,10
"35.635210, 59.614872","28.353518, 51.722346",type2,30
"34.639874, 53.510051","36.831710, 59.538800",type3,5
"37.589020, 57.598950","26.717813, 58.473784",type2,70
